<ImportExportXml version="8.1.0000.0359" SolutionPackageVersion="8.0" languagecode="1033" generatedBy="OnPremise" xmlns:xsi="http://www.w3.org/2001/XMLSchema-instance">
  <SolutionManifest>
    <UniqueName>CRMCKEditor</UniqueName>
    <LocalizedNames>
      <LocalizedName description="CRMCKEditor" languagecode="1033" />
    </LocalizedNames>
    <Descriptions>
      <Description description="More document, please check: https://crmckeditor.codeplex.com" languagecode="1033" />
    </Descriptions>
    <Version>1.0</Version>
    <Managed>1</Managed>
    <Publisher>
      <UniqueName>phuocle</UniqueName>
      <LocalizedNames>
        <LocalizedName description="PhuocLe" languagecode="1033" />
      </LocalizedNames>
      <Descriptions />
      <EMailAddress xsi:nil="true"></EMailAddress>
      <SupportingWebsiteUrl xsi:nil="true"></SupportingWebsiteUrl>
      <CustomizationPrefix>pl</CustomizationPrefix>
      <CustomizationOptionValuePrefix>50000</CustomizationOptionValuePrefix>
      <Addresses>
        <Address>
          <AddressNumber>1</AddressNumber>
          <AddressTypeCode>1</AddressTypeCode>
          <City xsi:nil="true"></City>
          <County xsi:nil="true"></County>
          <Country xsi:nil="true"></Country>
          <Fax xsi:nil="true"></Fax>
          <FreightTermsCode xsi:nil="true"></FreightTermsCode>
          <ImportSequenceNumber xsi:nil="true"></ImportSequenceNumber>
          <Latitude xsi:nil="true"></Latitude>
          <Line1 xsi:nil="true"></Line1>
          <Line2 xsi:nil="true"></Line2>
          <Line3 xsi:nil="true"></Line3>
          <Longitude xsi:nil="true"></Longitude>
          <Name xsi:nil="true"></Name>
          <PostalCode xsi:nil="true"></PostalCode>
          <PostOfficeBox xsi:nil="true"></PostOfficeBox>
          <PrimaryContactName xsi:nil="true"></PrimaryContactName>
          <ShippingMethodCode>1</ShippingMethodCode>
          <StateOrProvince xsi:nil="true"></StateOrProvince>
          <Telephone1 xsi:nil="true"></Telephone1>
          <Telephone2 xsi:nil="true"></Telephone2>
          <Telephone3 xsi:nil="true"></Telephone3>
          <TimeZoneRuleVersionNumber xsi:nil="true"></TimeZoneRuleVersionNumber>
          <UPSZone xsi:nil="true"></UPSZone>
          <UTCOffset xsi:nil="true"></UTCOffset>
          <UTCConversionTimeZoneCode xsi:nil="true"></UTCConversionTimeZoneCode>
        </Address>
        <Address>
          <AddressNumber>2</AddressNumber>
          <AddressTypeCode>1</AddressTypeCode>
          <City xsi:nil="true"></City>
          <County xsi:nil="true"></County>
          <Country xsi:nil="true"></Country>
          <Fax xsi:nil="true"></Fax>
          <FreightTermsCode xsi:nil="true"></FreightTermsCode>
          <ImportSequenceNumber xsi:nil="true"></ImportSequenceNumber>
          <Latitude xsi:nil="true"></Latitude>
          <Line1 xsi:nil="true"></Line1>
          <Line2 xsi:nil="true"></Line2>
          <Line3 xsi:nil="true"></Line3>
          <Longitude xsi:nil="true"></Longitude>
          <Name xsi:nil="true"></Name>
          <PostalCode xsi:nil="true"></PostalCode>
          <PostOfficeBox xsi:nil="true"></PostOfficeBox>
          <PrimaryContactName xsi:nil="true"></PrimaryContactName>
          <ShippingMethodCode>1</ShippingMethodCode>
          <StateOrProvince xsi:nil="true"></StateOrProvince>
          <Telephone1 xsi:nil="true"></Telephone1>
          <Telephone2 xsi:nil="true"></Telephone2>
          <Telephone3 xsi:nil="true"></Telephone3>
          <TimeZoneRuleVersionNumber xsi:nil="true"></TimeZoneRuleVersionNumber>
          <UPSZone xsi:nil="true"></UPSZone>
          <UTCOffset xsi:nil="true"></UTCOffset>
          <UTCConversionTimeZoneCode xsi:nil="true"></UTCConversionTimeZoneCode>
        </Address>
      </Addresses>
    </Publisher>
    <RootComponents>
      <RootComponent type="61" schemaName="pl_/scripts/library/ckeditor/adapters/jquery.js" behavior="0" />
      <RootComponent type="61" schemaName="pl_/scripts/library/ckeditor/ckeditor.html" behavior="0" />
      <RootComponent type="61" schemaName="pl_/scripts/library/ckeditor/ckeditor.js" behavior="0" />
      <RootComponent type="61" schemaName="pl_/scripts/library/ckeditor/config.js" behavior="0" />
      <RootComponent type="61" schemaName="pl_/scripts/library/ckeditor/contents.css" behavior="0" />
      <RootComponent type="61" schemaName="pl_/scripts/library/ckeditor/CRMWebAPI.js" behavior="0" />
      <RootComponent type="61" schemaName="pl_/scripts/library/ckeditor/CRMWebAPIMetadata.js" behavior="0" />
      <RootComponent type="61" schemaName="pl_/scripts/library/ckeditor/jquery.min.js" behavior="0" />
      <RootComponent type="61" schemaName="pl_/scripts/library/ckeditor/lang/en.js" behavior="0" />
      <RootComponent type="61" schemaName="pl_/scripts/library/ckeditor/plugins/a11yhelp/dialogs/a11yhelp.js" behavior="0" />
      <RootComponent type="61" schemaName="pl_/scripts/library/ckeditor/plugins/a11yhelp/dialogs/lang/en.js" behavior="0" />
      <RootComponent type="61" schemaName="pl_/scripts/library/ckeditor/plugins/about/dialogs/about.js" behavior="0" />
      <RootComponent type="61" schemaName="pl_/scripts/library/ckeditor/plugins/about/dialogs/hidpi/logo_ckeditor.png" behavior="0" />
      <RootComponent type="61" schemaName="pl_/scripts/library/ckeditor/plugins/about/dialogs/logo_ckeditor.png" behavior="0" />
      <RootComponent type="61" schemaName="pl_/scripts/library/ckeditor/plugins/clipboard/dialogs/paste.js" behavior="0" />
      <RootComponent type="61" schemaName="pl_/scripts/library/ckeditor/plugins/colordialog/dialogs/colordialog.css" behavior="0" />
      <RootComponent type="61" schemaName="pl_/scripts/library/ckeditor/plugins/colordialog/dialogs/colordialog.js" behavior="0" />
      <RootComponent type="61" schemaName="pl_/scripts/library/ckeditor/plugins/crmplaceholder/dialogs/crmplaceholder.js" behavior="0" />
      <RootComponent type="61" schemaName="pl_/scripts/library/ckeditor/plugins/crmplaceholder/icons/crmplaceholder.png" behavior="0" />
      <RootComponent type="61" schemaName="pl_/scripts/library/ckeditor/plugins/crmplaceholder/icons/hidpi/crmplaceholder.png" behavior="0" />
      <RootComponent type="61" schemaName="pl_/scripts/library/ckeditor/plugins/crmplaceholder/lang/en.js" behavior="0" />
      <RootComponent type="61" schemaName="pl_/scripts/library/ckeditor/plugins/crmplaceholder/plugin.js" behavior="0" />
      <RootComponent type="61" schemaName="pl_/scripts/library/ckeditor/plugins/dialog/dialogdefinition.js" behavior="0" />
      <RootComponent type="61" schemaName="pl_/scripts/library/ckeditor/plugins/div/dialogs/div.js" behavior="0" />
      <RootComponent type="61" schemaName="pl_/scripts/library/ckeditor/plugins/find/dialogs/find.js" behavior="0" />
      <RootComponent type="61" schemaName="pl_/scripts/library/ckeditor/plugins/flash/dialogs/flash.js" behavior="0" />
      <RootComponent type="61" schemaName="pl_/scripts/library/ckeditor/plugins/flash/images/placeholder.png" behavior="0" />
      <RootComponent type="61" schemaName="pl_/scripts/library/ckeditor/plugins/forms/dialogs/button.js" behavior="0" />
      <RootComponent type="61" schemaName="pl_/scripts/library/ckeditor/plugins/forms/dialogs/checkbox.js" behavior="0" />
      <RootComponent type="61" schemaName="pl_/scripts/library/ckeditor/plugins/forms/dialogs/form.js" behavior="0" />
      <RootComponent type="61" schemaName="pl_/scripts/library/ckeditor/plugins/forms/dialogs/hiddenfield.js" behavior="0" />
      <RootComponent type="61" schemaName="pl_/scripts/library/ckeditor/plugins/forms/dialogs/radio.js" behavior="0" />
      <RootComponent type="61" schemaName="pl_/scripts/library/ckeditor/plugins/forms/dialogs/select.js" behavior="0" />
      <RootComponent type="61" schemaName="pl_/scripts/library/ckeditor/plugins/forms/dialogs/textarea.js" behavior="0" />
      <RootComponent type="61" schemaName="pl_/scripts/library/ckeditor/plugins/forms/dialogs/textfield.js" behavior="0" />
      <RootComponent type="61" schemaName="pl_/scripts/library/ckeditor/plugins/forms/images/hiddenfield.gif" behavior="0" />
      <RootComponent type="61" schemaName="pl_/scripts/library/ckeditor/plugins/icons.png" behavior="0" />
      <RootComponent type="61" schemaName="pl_/scripts/library/ckeditor/plugins/icons_hidpi.png" behavior="0" />
      <RootComponent type="61" schemaName="pl_/scripts/library/ckeditor/plugins/iframe/dialogs/iframe.js" behavior="0" />
      <RootComponent type="61" schemaName="pl_/scripts/library/ckeditor/plugins/iframe/images/placeholder.png" behavior="0" />
      <RootComponent type="61" schemaName="pl_/scripts/library/ckeditor/plugins/image/dialogs/image.js" behavior="0" />
      <RootComponent type="61" schemaName="pl_/scripts/library/ckeditor/plugins/image/images/noimage.png" behavior="0" />
      <RootComponent type="61" schemaName="pl_/scripts/library/ckeditor/plugins/lineutils/plugin.js" behavior="0" />
      <RootComponent type="61" schemaName="pl_/scripts/library/ckeditor/plugins/link/dialogs/anchor.js" behavior="0" />
      <RootComponent type="61" schemaName="pl_/scripts/library/ckeditor/plugins/link/dialogs/link.js" behavior="0" />
      <RootComponent type="61" schemaName="pl_/scripts/library/ckeditor/plugins/link/images/anchor.png" behavior="0" />
      <RootComponent type="61" schemaName="pl_/scripts/library/ckeditor/plugins/link/images/hidpi/anchor.png" behavior="0" />
      <RootComponent type="61" schemaName="pl_/scripts/library/ckeditor/plugins/liststyle/dialogs/liststyle.js" behavior="0" />
      <RootComponent type="61" schemaName="pl_/scripts/library/ckeditor/plugins/magicline/images/hidpi/icon.png" behavior="0" />
      <RootComponent type="61" schemaName="pl_/scripts/library/ckeditor/plugins/magicline/images/hidpi/icon_rtl.png" behavior="0" />
      <RootComponent type="61" schemaName="pl_/scripts/library/ckeditor/plugins/magicline/images/icon.png" behavior="0" />
      <RootComponent type="61" schemaName="pl_/scripts/library/ckeditor/plugins/magicline/images/icon_rtl.png" behavior="0" />
      <RootComponent type="61" schemaName="pl_/scripts/library/ckeditor/plugins/pagebreak/images/pagebreak.gif" behavior="0" />
      <RootComponent type="61" schemaName="pl_/scripts/library/ckeditor/plugins/pastefromword/filter/default.js" behavior="0" />
      <RootComponent type="61" schemaName="pl_/scripts/library/ckeditor/plugins/preview/preview.html" behavior="0" />
      <RootComponent type="61" schemaName="pl_/scripts/library/ckeditor/plugins/scayt/dialogs/options.js" behavior="0" />
      <RootComponent type="61" schemaName="pl_/scripts/library/ckeditor/plugins/scayt/dialogs/toolbar.css" behavior="0" />
      <RootComponent type="61" schemaName="pl_/scripts/library/ckeditor/plugins/showblocks/images/block_address.png" behavior="0" />
      <RootComponent type="61" schemaName="pl_/scripts/library/ckeditor/plugins/showblocks/images/block_blockquote.png" behavior="0" />
      <RootComponent type="61" schemaName="pl_/scripts/library/ckeditor/plugins/showblocks/images/block_div.png" behavior="0" />
      <RootComponent type="61" schemaName="pl_/scripts/library/ckeditor/plugins/showblocks/images/block_h1.png" behavior="0" />
      <RootComponent type="61" schemaName="pl_/scripts/library/ckeditor/plugins/showblocks/images/block_h2.png" behavior="0" />
      <RootComponent type="61" schemaName="pl_/scripts/library/ckeditor/plugins/showblocks/images/block_h3.png" behavior="0" />
      <RootComponent type="61" schemaName="pl_/scripts/library/ckeditor/plugins/showblocks/images/block_h4.png" behavior="0" />
      <RootComponent type="61" schemaName="pl_/scripts/library/ckeditor/plugins/showblocks/images/block_h5.png" behavior="0" />
      <RootComponent type="61" schemaName="pl_/scripts/library/ckeditor/plugins/showblocks/images/block_h6.png" behavior="0" />
      <RootComponent type="61" schemaName="pl_/scripts/library/ckeditor/plugins/showblocks/images/block_p.png" behavior="0" />
      <RootComponent type="61" schemaName="pl_/scripts/library/ckeditor/plugins/showblocks/images/block_pre.png" behavior="0" />
      <RootComponent type="61" schemaName="pl_/scripts/library/ckeditor/plugins/smiley/dialogs/smiley.js" behavior="0" />
      <RootComponent type="61" schemaName="pl_/scripts/library/ckeditor/plugins/smiley/images/angel_smile.gif" behavior="0" />
      <RootComponent type="61" schemaName="pl_/scripts/library/ckeditor/plugins/smiley/images/angel_smile.png" behavior="0" />
      <RootComponent type="61" schemaName="pl_/scripts/library/ckeditor/plugins/smiley/images/angry_smile.gif" behavior="0" />
      <RootComponent type="61" schemaName="pl_/scripts/library/ckeditor/plugins/smiley/images/angry_smile.png" behavior="0" />
      <RootComponent type="61" schemaName="pl_/scripts/library/ckeditor/plugins/smiley/images/broken_heart.gif" behavior="0" />
      <RootComponent type="61" schemaName="pl_/scripts/library/ckeditor/plugins/smiley/images/broken_heart.png" behavior="0" />
      <RootComponent type="61" schemaName="pl_/scripts/library/ckeditor/plugins/smiley/images/confused_smile.gif" behavior="0" />
      <RootComponent type="61" schemaName="pl_/scripts/library/ckeditor/plugins/smiley/images/confused_smile.png" behavior="0" />
      <RootComponent type="61" schemaName="pl_/scripts/library/ckeditor/plugins/smiley/images/cry_smile.gif" behavior="0" />
      <RootComponent type="61" schemaName="pl_/scripts/library/ckeditor/plugins/smiley/images/cry_smile.png" behavior="0" />
      <RootComponent type="61" schemaName="pl_/scripts/library/ckeditor/plugins/smiley/images/devil_smile.gif" behavior="0" />
      <RootComponent type="61" schemaName="pl_/scripts/library/ckeditor/plugins/smiley/images/devil_smile.png" behavior="0" />
      <RootComponent type="61" schemaName="pl_/scripts/library/ckeditor/plugins/smiley/images/embaressed_smile.gif" behavior="0" />
      <RootComponent type="61" schemaName="pl_/scripts/library/ckeditor/plugins/smiley/images/embarrassed_smile.gif" behavior="0" />
      <RootComponent type="61" schemaName="pl_/scripts/library/ckeditor/plugins/smiley/images/embarrassed_smile.png" behavior="0" />
      <RootComponent type="61" schemaName="pl_/scripts/library/ckeditor/plugins/smiley/images/envelope.gif" behavior="0" />
      <RootComponent type="61" schemaName="pl_/scripts/library/ckeditor/plugins/smiley/images/envelope.png" behavior="0" />
      <RootComponent type="61" schemaName="pl_/scripts/library/ckeditor/plugins/smiley/images/heart.gif" behavior="0" />
      <RootComponent type="61" schemaName="pl_/scripts/library/ckeditor/plugins/smiley/images/heart.png" behavior="0" />
      <RootComponent type="61" schemaName="pl_/scripts/library/ckeditor/plugins/smiley/images/kiss.gif" behavior="0" />
      <RootComponent type="61" schemaName="pl_/scripts/library/ckeditor/plugins/smiley/images/kiss.png" behavior="0" />
      <RootComponent type="61" schemaName="pl_/scripts/library/ckeditor/plugins/smiley/images/lightbulb.gif" behavior="0" />
      <RootComponent type="61" schemaName="pl_/scripts/library/ckeditor/plugins/smiley/images/lightbulb.png" behavior="0" />
      <RootComponent type="61" schemaName="pl_/scripts/library/ckeditor/plugins/smiley/images/omg_smile.gif" behavior="0" />
      <RootComponent type="61" schemaName="pl_/scripts/library/ckeditor/plugins/smiley/images/omg_smile.png" behavior="0" />
      <RootComponent type="61" schemaName="pl_/scripts/library/ckeditor/plugins/smiley/images/regular_smile.gif" behavior="0" />
      <RootComponent type="61" schemaName="pl_/scripts/library/ckeditor/plugins/smiley/images/regular_smile.png" behavior="0" />
      <RootComponent type="61" schemaName="pl_/scripts/library/ckeditor/plugins/smiley/images/sad_smile.gif" behavior="0" />
      <RootComponent type="61" schemaName="pl_/scripts/library/ckeditor/plugins/smiley/images/sad_smile.png" behavior="0" />
      <RootComponent type="61" schemaName="pl_/scripts/library/ckeditor/plugins/smiley/images/shades_smile.gif" behavior="0" />
      <RootComponent type="61" schemaName="pl_/scripts/library/ckeditor/plugins/smiley/images/shades_smile.png" behavior="0" />
      <RootComponent type="61" schemaName="pl_/scripts/library/ckeditor/plugins/smiley/images/teeth_smile.gif" behavior="0" />
      <RootComponent type="61" schemaName="pl_/scripts/library/ckeditor/plugins/smiley/images/teeth_smile.png" behavior="0" />
      <RootComponent type="61" schemaName="pl_/scripts/library/ckeditor/plugins/smiley/images/thumbs_down.gif" behavior="0" />
      <RootComponent type="61" schemaName="pl_/scripts/library/ckeditor/plugins/smiley/images/thumbs_down.png" behavior="0" />
      <RootComponent type="61" schemaName="pl_/scripts/library/ckeditor/plugins/smiley/images/thumbs_up.gif" behavior="0" />
      <RootComponent type="61" schemaName="pl_/scripts/library/ckeditor/plugins/smiley/images/thumbs_up.png" behavior="0" />
      <RootComponent type="61" schemaName="pl_/scripts/library/ckeditor/plugins/smiley/images/tongue_smile.gif" behavior="0" />
      <RootComponent type="61" schemaName="pl_/scripts/library/ckeditor/plugins/smiley/images/tongue_smile.png" behavior="0" />
      <RootComponent type="61" schemaName="pl_/scripts/library/ckeditor/plugins/smiley/images/tounge_smile.gif" behavior="0" />
      <RootComponent type="61" schemaName="pl_/scripts/library/ckeditor/plugins/smiley/images/whatchutalkingabout_smile.gif" behavior="0" />
      <RootComponent type="61" schemaName="pl_/scripts/library/ckeditor/plugins/smiley/images/whatchutalkingabout_smile.png" behavior="0" />
      <RootComponent type="61" schemaName="pl_/scripts/library/ckeditor/plugins/smiley/images/wink_smile.gif" behavior="0" />
      <RootComponent type="61" schemaName="pl_/scripts/library/ckeditor/plugins/smiley/images/wink_smile.png" behavior="0" />
      <RootComponent type="61" schemaName="pl_/scripts/library/ckeditor/plugins/specialchar/dialogs/lang/en.js" behavior="0" />
      <RootComponent type="61" schemaName="pl_/scripts/library/ckeditor/plugins/specialchar/dialogs/specialchar.js" behavior="0" />
      <RootComponent type="61" schemaName="pl_/scripts/library/ckeditor/plugins/table/dialogs/table.js" behavior="0" />
      <RootComponent type="61" schemaName="pl_/scripts/library/ckeditor/plugins/tabletools/dialogs/tablecell.js" behavior="0" />
      <RootComponent type="61" schemaName="pl_/scripts/library/ckeditor/plugins/templates/dialogs/templates.css" behavior="0" />
      <RootComponent type="61" schemaName="pl_/scripts/library/ckeditor/plugins/templates/dialogs/templates.js" behavior="0" />
      <RootComponent type="61" schemaName="pl_/scripts/library/ckeditor/plugins/templates/templates/default.js" behavior="0" />
      <RootComponent type="61" schemaName="pl_/scripts/library/ckeditor/plugins/templates/templates/images/template1.gif" behavior="0" />
      <RootComponent type="61" schemaName="pl_/scripts/library/ckeditor/plugins/templates/templates/images/template2.gif" behavior="0" />
      <RootComponent type="61" schemaName="pl_/scripts/library/ckeditor/plugins/templates/templates/images/template3.gif" behavior="0" />
      <RootComponent type="61" schemaName="pl_/scripts/library/ckeditor/plugins/widget/images/handle.png" behavior="0" />
      <RootComponent type="61" schemaName="pl_/scripts/library/ckeditor/plugins/widget/lang/en.js" behavior="0" />
      <RootComponent type="61" schemaName="pl_/scripts/library/ckeditor/plugins/widget/plugin.js" behavior="0" />
      <RootComponent type="61" schemaName="pl_/scripts/library/ckeditor/plugins/wsc/dialogs/ciframe.html" behavior="0" />
      <RootComponent type="61" schemaName="pl_/scripts/library/ckeditor/plugins/wsc/dialogs/tmpframeset.html" behavior="0" />
      <RootComponent type="61" schemaName="pl_/scripts/library/ckeditor/plugins/wsc/dialogs/wsc.css" behavior="0" />
      <RootComponent type="61" schemaName="pl_/scripts/library/ckeditor/plugins/wsc/dialogs/wsc.js" behavior="0" />
      <RootComponent type="61" schemaName="pl_/scripts/library/ckeditor/plugins/wsc/dialogs/wsc_ie.js" behavior="0" />
      <RootComponent type="61" schemaName="pl_/scripts/library/ckeditor/promise.7.0.4.min.js" behavior="0" />
      <RootComponent type="61" schemaName="pl_/scripts/library/ckeditor/skins/moono/dialog.css" behavior="0" />
      <RootComponent type="61" schemaName="pl_/scripts/library/ckeditor/skins/moono/dialog_ie.css" behavior="0" />
      <RootComponent type="61" schemaName="pl_/scripts/library/ckeditor/skins/moono/dialog_ie7.css" behavior="0" />
      <RootComponent type="61" schemaName="pl_/scripts/library/ckeditor/skins/moono/dialog_ie8.css" behavior="0" />
      <RootComponent type="61" schemaName="pl_/scripts/library/ckeditor/skins/moono/dialog_iequirks.css" behavior="0" />
      <RootComponent type="61" schemaName="pl_/scripts/library/ckeditor/skins/moono/editor.css" behavior="0" />
      <RootComponent type="61" schemaName="pl_/scripts/library/ckeditor/skins/moono/editor_gecko.css" behavior="0" />
      <RootComponent type="61" schemaName="pl_/scripts/library/ckeditor/skins/moono/editor_ie.css" behavior="0" />
      <RootComponent type="61" schemaName="pl_/scripts/library/ckeditor/skins/moono/editor_ie7.css" behavior="0" />
      <RootComponent type="61" schemaName="pl_/scripts/library/ckeditor/skins/moono/editor_ie8.css" behavior="0" />
      <RootComponent type="61" schemaName="pl_/scripts/library/ckeditor/skins/moono/editor_iequirks.css" behavior="0" />
      <RootComponent type="61" schemaName="pl_/scripts/library/ckeditor/skins/moono/icons.png" behavior="0" />
      <RootComponent type="61" schemaName="pl_/scripts/library/ckeditor/skins/moono/icons_hidpi.png" behavior="0" />
      <RootComponent type="61" schemaName="pl_/scripts/library/ckeditor/skins/moono/images/arrow.png" behavior="0" />
      <RootComponent type="61" schemaName="pl_/scripts/library/ckeditor/skins/moono/images/close.png" behavior="0" />
      <RootComponent type="61" schemaName="pl_/scripts/library/ckeditor/skins/moono/images/hidpi/close.png" behavior="0" />
      <RootComponent type="61" schemaName="pl_/scripts/library/ckeditor/skins/moono/images/hidpi/lock.png" behavior="0" />
      <RootComponent type="61" schemaName="pl_/scripts/library/ckeditor/skins/moono/images/hidpi/lock_open.png" behavior="0" />
      <RootComponent type="61" schemaName="pl_/scripts/library/ckeditor/skins/moono/images/hidpi/refresh.png" behavior="0" />
      <RootComponent type="61" schemaName="pl_/scripts/library/ckeditor/skins/moono/images/lock.png" behavior="0" />
      <RootComponent type="61" schemaName="pl_/scripts/library/ckeditor/skins/moono/images/lock_open.png" behavior="0" />
      <RootComponent type="61" schemaName="pl_/scripts/library/ckeditor/skins/moono/images/refresh.png" behavior="0" />
      <RootComponent type="61" schemaName="pl_/scripts/library/ckeditor/skins/moono/images/spinner.gif" behavior="0" />
      <RootComponent type="61" schemaName="pl_/scripts/library/ckeditor/skins/moonocolor/dialog.css" behavior="0" />
      <RootComponent type="61" schemaName="pl_/scripts/library/ckeditor/skins/moonocolor/dialog_ie.css" behavior="0" />
      <RootComponent type="61" schemaName="pl_/scripts/library/ckeditor/skins/moonocolor/dialog_ie7.css" behavior="0" />
      <RootComponent type="61" schemaName="pl_/scripts/library/ckeditor/skins/moonocolor/dialog_ie8.css" behavior="0" />
      <RootComponent type="61" schemaName="pl_/scripts/library/ckeditor/skins/moonocolor/dialog_iequirks.css" behavior="0" />
      <RootComponent type="61" schemaName="pl_/scripts/library/ckeditor/skins/moonocolor/editor.css" behavior="0" />
      <RootComponent type="61" schemaName="pl_/scripts/library/ckeditor/skins/moonocolor/editor_gecko.css" behavior="0" />
      <RootComponent type="61" schemaName="pl_/scripts/library/ckeditor/skins/moonocolor/editor_ie.css" behavior="0" />
      <RootComponent type="61" schemaName="pl_/scripts/library/ckeditor/skins/moonocolor/editor_ie7.css" behavior="0" />
      <RootComponent type="61" schemaName="pl_/scripts/library/ckeditor/skins/moonocolor/editor_ie8.css" behavior="0" />
      <RootComponent type="61" schemaName="pl_/scripts/library/ckeditor/skins/moonocolor/editor_iequirks.css" behavior="0" />
      <RootComponent type="61" schemaName="pl_/scripts/library/ckeditor/skins/moonocolor/icons.png" behavior="0" />
      <RootComponent type="61" schemaName="pl_/scripts/library/ckeditor/skins/moonocolor/icons_hidpi.png" behavior="0" />
      <RootComponent type="61" schemaName="pl_/scripts/library/ckeditor/skins/moonocolor/images/arrow.png" behavior="0" />
      <RootComponent type="61" schemaName="pl_/scripts/library/ckeditor/skins/moonocolor/images/close.png" behavior="0" />
      <RootComponent type="61" schemaName="pl_/scripts/library/ckeditor/skins/moonocolor/images/hidpi/close.png" behavior="0" />
      <RootComponent type="61" schemaName="pl_/scripts/library/ckeditor/skins/moonocolor/images/hidpi/lock.png" behavior="0" />
      <RootComponent type="61" schemaName="pl_/scripts/library/ckeditor/skins/moonocolor/images/hidpi/lock_open.png" behavior="0" />
      <RootComponent type="61" schemaName="pl_/scripts/library/ckeditor/skins/moonocolor/images/hidpi/refresh.png" behavior="0" />
      <RootComponent type="61" schemaName="pl_/scripts/library/ckeditor/skins/moonocolor/images/lock.png" behavior="0" />
      <RootComponent type="61" schemaName="pl_/scripts/library/ckeditor/skins/moonocolor/images/lock_open.png" behavior="0" />
      <RootComponent type="61" schemaName="pl_/scripts/library/ckeditor/skins/moonocolor/images/refresh.png" behavior="0" />
      <RootComponent type="61" schemaName="pl_/scripts/library/ckeditor/skins/moonocolor/images/spinner.gif" behavior="0" />
      <RootComponent type="61" schemaName="pl_/scripts/library/ckeditor/skins/office2013/dialog.css" behavior="0" />
      <RootComponent type="61" schemaName="pl_/scripts/library/ckeditor/skins/office2013/editor.css" behavior="0" />
      <RootComponent type="61" schemaName="pl_/scripts/library/ckeditor/skins/office2013/icons.png" behavior="0" />
      <RootComponent type="61" schemaName="pl_/scripts/library/ckeditor/skins/office2013/icons_hidpi.png" behavior="0" />
      <RootComponent type="61" schemaName="pl_/scripts/library/ckeditor/skins/office2013/images/arrow.png" behavior="0" />
      <RootComponent type="61" schemaName="pl_/scripts/library/ckeditor/skins/office2013/images/close.png" behavior="0" />
      <RootComponent type="61" schemaName="pl_/scripts/library/ckeditor/skins/office2013/images/hidpi/close.png" behavior="0" />
      <RootComponent type="61" schemaName="pl_/scripts/library/ckeditor/skins/office2013/images/hidpi/lock.png" behavior="0" />
      <RootComponent type="61" schemaName="pl_/scripts/library/ckeditor/skins/office2013/images/hidpi/lock_open.png" behavior="0" />
      <RootComponent type="61" schemaName="pl_/scripts/library/ckeditor/skins/office2013/images/hidpi/refresh.png" behavior="0" />
      <RootComponent type="61" schemaName="pl_/scripts/library/ckeditor/skins/office2013/images/lock.png" behavior="0" />
      <RootComponent type="61" schemaName="pl_/scripts/library/ckeditor/skins/office2013/images/lock_open.png" behavior="0" />
      <RootComponent type="61" schemaName="pl_/scripts/library/ckeditor/skins/office2013/images/refresh.png" behavior="0" />
      <RootComponent type="61" schemaName="pl_/scripts/library/ckeditor/styles.js" behavior="0" />
    </RootComponents>
    <MissingDependencies />
  </SolutionManifest>
</ImportExportXml>